{
    "samples": {
        "y": [
            [0.8353209694642609, 0.1362461542246391, 0.028432876311099965],
            [0.8237662222338148, 0.1487611796884356, 0.027472598077749565],
            [0.8413520065693312, 0.13092051482648812, 0.027727478604180553],
            [0.049860761192490034, 0.253217007793773, 0.6969222310137371],
            [0.044272083810001396, 0.1952298294941655, 0.7604980866958331]
        ],
        "X": [
            [1.0110051002727425, 2.3517131480413234, -2.7552833207779055, -1.0843771875405763, -0.45850443946459485],
            [1.120707104715692, 2.3187631972540235, -3.3457623412035375, -1.5374276720041449, 0.4607801108597098],
            [1.3990425752036486, 2.204749626694289, -3.073397847168526, -1.1279265373604126, -0.3345203191463252],
            [-2.5583885793396766, -0.08042834484085337, 2.439000504249292, 0.3077472695948518, 0.195477430603768],
            [-3.2433500019572703, -0.6458275436243733, 1.974005115364446, -0.74545763536891, 3.094997155961705]
        ]
    }
}