{
    "samples": {
        "y": [181.03365647183452, 65.55509414011695, 81.66394498466155, -41.59600864419537, -123.48687546602812],
        "X": [
            [0.144043571160878, 0.12167501649282841, 1.454273506962975, 0.44386323274542566, 0.7610377251469934],
            [0.18877859679382855, -0.3108861716984717, 0.5238910238342056, 0.09740016626878341, 0.08842208704466141],
            [-1.6760038063299767, -0.8133642592042029, 1.15233156478312, -1.466424327802514, 1.079618592036821],
            [-0.2803554951845091, 0.5785214977288784, -0.3646935443916854, 0.349654456993174, 0.15670385527236397],
            [0.8443629764015471, 1.1880297923523018, -1.0002153473895647, 0.3169426119248496, -1.5447710967776116]
        ]
    }
}